Book Title,Price,Rating,Availability
A Light in the ...,Â£51.77,Three,In stock
Tipping the Velvet,Â£53.74,One,In stock
Soumission,Â£50.10,One,In stock
Sharp Objects,Â£47.82,Four,In stock
Sapiens: A Brief History ...,Â£54.23,Five,In stock
The Requiem Red,Â£22.65,One,In stock
The Dirty Little Secrets ...,Â£33.34,Four,In stock
The Coming Woman: A ...,Â£17.93,Three,In stock
The Boys in the ...,Â£22.60,Four,In stock
The Black Maria,Â£52.15,One,In stock
Starving Hearts (Triangular Trade ...,Â£13.99,Two,In stock
Shakespeare's Sonnets,Â£20.66,Four,In stock
Set Me Free,Â£17.46,Five,In stock
Scott Pilgrim's Precious Little ...,Â£52.29,Five,In stock
Rip it Up and ...,Â£35.02,Five,In stock
Our Band Could Be ...,Â£57.25,Three,In stock
Olio,Â£23.88,One,In stock
Mesaerion: The Best Science ...,Â£37.59,One,In stock
Libertarianism for Beginners,Â£51.33,Two,In stock
It's Only the Himalayas,Â£45.17,Two,In stock
In Her Wake,Â£12.84,One,In stock
How Music Works,Â£37.32,Two,In stock
Foolproof Preserving: A Guide ...,Â£30.52,Three,In stock
Chase Me (Paris Nights ...,Â£25.27,Five,In stock
Black Dust,Â£34.53,Five,In stock
Birdsong: A Story in ...,Â£54.64,Three,In stock
America's Cradle of Quarterbacks: ...,Â£22.50,Three,In stock
Aladdin and His Wonderful ...,Â£53.13,Three,In stock
Worlds Elsewhere: Journeys Around ...,Â£40.30,Five,In stock
Wall and Piece,Â£44.18,Four,In stock
The Four Agreements: A ...,Â£17.66,Five,In stock
The Five Love Languages: ...,Â£31.05,Three,In stock
The Elephant Tree,Â£23.82,Five,In stock
The Bear and the ...,Â£36.89,One,In stock
Sophie's World,Â£15.94,Five,In stock
Penny Maybe,Â£33.29,Three,In stock
Maude (1883-1993):She Grew Up ...,Â£18.02,Two,In stock
"In a Dark, Dark ...",Â£19.63,One,In stock
Behind Closed Doors,Â£52.22,Four,In stock
You can't bury them ...,Â£33.63,Two,In stock
Slow States of Collapse: ...,Â£57.31,Three,In stock
Reasons to Stay Alive,Â£26.41,Two,In stock
Private Paris (Private #10),Â£47.61,Five,In stock
#HigherSelfie: Wake Up Your ...,Â£23.11,Five,In stock
Without Borders (Wanderlove #1),Â£45.07,Two,In stock
When We Collided,Â£31.77,One,In stock
"We Love You, Charlie ...",Â£50.27,Five,In stock
Untitled Collection: Sabbath Poems ...,Â£14.27,Four,In stock
Unseen City: The Majesty ...,Â£44.18,Four,In stock
Unicorn Tracks,Â£18.78,Three,In stock
Unbound: How Eight Technologies ...,Â£25.52,One,In stock
Tsubasa: WoRLD CHRoNiCLE 2 ...,Â£16.28,One,In stock
Throwing Rocks at the ...,Â£31.12,Three,In stock
This One Summer,Â£19.49,Four,In stock
Thirst,Â£17.27,Five,In stock
The Torch Is Passed: ...,Â£19.09,One,In stock
The Secret of Dreadwillow ...,Â£56.13,One,In stock
The Pioneer Woman Cooks: ...,Â£56.41,One,In stock
The Past Never Ends,Â£56.50,Four,In stock
The Natural History of ...,Â£45.22,Three,In stock
The Nameless City (The ...,Â£38.16,Four,In stock
The Murder That Never ...,Â£54.11,Three,In stock
The Most Perfect Thing: ...,Â£42.96,Four,In stock
The Mindfulness and Acceptance ...,Â£23.89,Four,In stock
The Life-Changing Magic of ...,Â£16.77,Three,In stock
The Inefficiency Assassin: Time ...,Â£20.59,Five,In stock
The Gutsy Girl: Escapades ...,Â£37.13,One,In stock
The Electric Pencil: Drawings ...,Â£56.06,One,In stock
The Death of Humanity: ...,Â£58.11,Four,In stock
The Bulletproof Diet: Lose ...,Â£49.05,Three,In stock
The Art Forger,Â£40.76,Three,In stock
The Age of Genius: ...,Â£19.73,One,In stock
The Activist's Tao Te ...,Â£32.24,Five,In stock
Spark Joy: An Illustrated ...,Â£41.83,Four,In stock
Soul Reader,Â£39.58,Two,In stock
Security,Â£39.25,Two,In stock
"Saga, Volume 6 (Saga ...",Â£25.02,Three,In stock
"Saga, Volume 5 (Saga ...",Â£51.04,Two,In stock
Reskilling America: Learning to ...,Â£19.83,Two,In stock
"Rat Queens, Vol. 3: ...",Â£50.40,Three,In stock
"Princess Jellyfish 2-in-1 Omnibus, ...",Â£13.61,Five,In stock
Princess Between Worlds (Wide-Awake ...,Â£13.34,Five,In stock
"Pop Gun War, Volume ...",Â£18.97,One,In stock
"Political Suicide: Missteps, Peccadilloes, ...",Â£36.28,Two,In stock
Patience,Â£10.16,Three,In stock
"Outcast, Vol. 1: A ...",Â£15.44,Four,In stock
orange: The Complete Collection ...,Â£48.41,One,In stock
Online Marketing for Busy ...,Â£46.35,One,In stock
On a Midnight Clear,Â£14.07,Three,In stock
Obsidian (Lux #1),Â£14.86,Two,In stock
My Paris Kitchen: Recipes ...,Â£33.37,Two,In stock
Masks and Shadows,Â£56.40,Two,In stock
Mama Tried: Traditional Italian ...,Â£14.02,Four,In stock
"Lumberjanes, Vol. 2: Friendship ...",Â£46.91,Two,In stock
"Lumberjanes, Vol. 1: Beware ...",Â£45.61,Three,In stock
Lumberjanes Vol. 3: A ...,Â£19.92,Two,In stock
"Layered: Baking, Building, and ...",Â£40.11,One,In stock
Judo: Seven Steps to ...,Â£53.90,Two,In stock
Join,Â£35.67,Five,In stock
In the Country We ...,Â£22.00,Four,In stock
